Date,10years
2011/9/19,
2011/9/20,
2011/9/21,
2011/9/22,8.3
2011/9/23,8.3
2011/9/26,8.31
2011/9/27,8.33
2011/9/28,8.35
2011/9/29,8.44
2011/10/3,8.54
2011/10/4,8.55
2011/10/5,8.58
2011/10/7,8.67
2011/10/10,8.75
2011/10/11,8.71
2011/10/12,8.74
2011/10/13,8.73
2011/10/14,8.78
2011/10/17,8.76
2011/10/18,8.75
2011/10/19,8.78
2011/10/20,8.79
2011/10/21,8.82
2011/10/24,8.82
2011/10/25,8.76
2011/10/28,8.85
2011/10/31,8.88
2011/11/1,8.95
2011/11/2,8.9
2011/11/3,8.9
2011/11/4,8.97
2011/11/8,9.03
2011/11/9,9.06
2011/11/11,9.05
2011/11/14,9.04
2011/11/15,8.97
2011/11/16,8.98
2011/11/17,8.84
2011/11/18,8.86
2011/11/21,8.84
2011/11/22,8.84
2011/11/23,8.81
2011/11/24,8.79
2011/11/25,8.81
2011/11/28,8.83
2011/11/29,8.83
2011/11/30,8.74
2011/12/1,8.7
2011/12/2,8.65
2011/12/5,8.58
2011/12/7,8.59
2011/12/8,8.52
2011/12/9,8.53
2011/12/12,8.45
2011/12/13,8.4
2011/12/14,8.49
2011/12/15,8.49
2011/12/16,8.38
2011/12/19,8.33
2011/12/20,8.28
2011/12/21,8.34
2011/12/22,8.33
2011/12/23,8.37
2011/12/26,8.49
2011/12/27,8.48
2011/12/28,8.48
2011/12/29,8.54
2011/12/30,8.56
2012/1/2,8.41
2012/1/3,8.36
2012/1/4,8.36
2012/1/5,8.33
2012/1/6,8.22
2012/1/9,8.2
2012/1/10,8.23
2012/1/11,8.23
2012/1/12,8.25
2012/1/13,8.19
2012/1/16,8.22
2012/1/17,8.22
2012/1/18,8.19
2012/1/19,8.17
2012/1/20,8.18
2012/1/23,8.17
2012/1/24,8.36
2012/1/25,8.31
2012/1/27,8.35
2012/1/30,8.28
2012/1/31,8.27
2012/2/1,8.14
2012/2/2,8.13
2012/2/3,8.16
2012/2/6,8.18
2012/2/7,8.19
2012/2/8,8.23
2012/2/9,8.27
2012/2/10,8.19
2012/2/11,8.2
2012/2/13,8.21
2012/2/14,8.18
2012/2/15,8.2
2012/2/16,8.2
2012/2/17,8.19
2012/2/18,8.19
2012/2/19,8.19
2012/2/21,8.17
2012/2/22,8.22
2012/2/23,8.2
2012/2/24,8.23
2012/2/25,8.23
2012/2/27,8.23
2012/2/28,8.21
2012/2/29,8.2
2012/3/1,8.24
2012/3/2,8.22
2012/3/3,8.23
2012/3/5,8.23
2012/3/6,8.23
2012/3/7,8.24
2012/3/8,8.24
2012/3/9,8.28
2012/3/10,8.29
2012/3/12,8.29
2012/3/13,8.32
2012/3/14,8.28
2012/3/15,8.36
2012/3/16,8.42
2012/3/17,8.43
2012/3/19,8.42
2012/3/20,8.41
2012/3/21,8.39
2012/3/22,8.38
2012/3/23,8.38
2012/3/26,8.47
2012/3/27,8.5
2012/3/28,8.62
2012/3/29,8.61
2012/3/30,8.57
2012/3/31,8.59
2012/4/3,8.74
2012/4/4,8.69
2012/4/5,8.69
2012/4/8,8.69
2012/4/9,8.63
2012/4/10,8.59
2012/4/11,8.55
2012/4/12,8.44
2012/4/13,8.47
2012/4/14,8.47
2012/4/16,8.46
2012/4/17,8.34
2012/4/18,8.36
2012/4/19,8.41
2012/4/20,8.54
2012/4/21,8.55
2012/4/23,8.57
2012/4/24,8.57
2012/4/25,8.63
2012/4/26,8.66
2012/4/27,8.65
2012/4/28,8.65
2012/4/30,8.67
2012/5/1,8.68
2012/5/2,8.64
2012/5/3,8.62
2012/5/4,8.63
2012/5/5,8.65
2012/5/6,8.65
2012/5/7,8.69
2012/5/8,8.54
2012/5/9,8.56
2012/5/10,8.56
2012/5/11,8.57
2012/5/12,8.57
2012/5/14,8.52
2012/5/15,8.5
2012/5/16,8.52
2012/5/17,8.5
2012/5/18,8.53
2012/5/19,8.53
2012/5/21,8.54
2012/5/22,8.52
2012/5/23,8.51
2012/5/24,8.5
2012/5/25,8.51
2012/5/26,8.51
2012/5/28,8.51
2012/5/29,8.52
2012/5/30,8.52
2012/5/31,8.38
2012/6/1,8.37
2012/6/2,8.37
2012/6/4,8.34
2012/6/5,8.33
2012/6/6,8.37
2012/6/7,8.35
2012/6/8,8.35
2012/6/9,8.36
2012/6/11,8.33
2012/6/12,8.29
2012/6/13,8.29
2012/6/14,8.33
2012/6/15,8.34
2012/6/16,8.34
2012/6/18,8.43
2012/6/19,8.39
2012/6/20,8.39
2012/6/21,8.34
2012/6/22,8.35
2012/6/23,8.35
2012/6/25,8.33
2012/6/26,8.34
2012/6/27,8.36
2012/6/28,8.36
2012/6/29,8.38
2012/6/30,8.39
2012/7/1,8.39
2012/7/2,8.38
2012/7/3,8.18
2012/7/4,8.16
2012/7/5,8.18
2012/7/6,8.15
2012/7/7,8.16
2012/7/8,8.16
2012/7/9,8.15
2012/7/10,8.15
2012/7/11,8.14
2012/7/12,8.1
2012/7/13,8.1
2012/7/14,8.1
2012/7/16,8.05
2012/7/17,8.09
2012/7/18,8.07
2012/7/19,8.09
2012/7/20,8.08
2012/7/21,8.08
2012/7/23,8.07
2012/7/24,8.07
2012/7/25,8.1
2012/7/26,8.11
2012/7/27,8.12
2012/7/28,8.12
2012/7/30,8.15
2012/7/31,8.25
2012/8/1,8.23
2012/8/2,8.22
2012/8/3,8.26
2012/8/4,8.26
2012/8/5,8.26
2012/8/6,8.22
2012/8/7,8.15
2012/8/8,8.14
2012/8/9,8.14
2012/8/10,8.16
2012/8/11,8.17
2012/8/13,8.2
2012/8/14,8.22
2012/8/15,8.22
2012/8/16,8.27
2012/8/17,8.24
2012/8/18,8.24
2012/8/21,8.25
2012/8/22,8.22
2012/8/23,8.23
2012/8/24,8.21
2012/8/25,8.21
2012/8/27,8.19
2012/8/28,8.17
2012/8/29,8.18
2012/8/30,8.19
2012/8/31,8.24
2012/9/1,8.24
2012/9/3,8.22
2012/9/4,8.21
2012/9/5,8.18
2012/9/6,8.16
2012/9/7,8.2
2012/9/8,8.2
2012/9/10,8.18
2012/9/11,8.18
2012/9/12,8.2
2012/9/13,8.17
2012/9/14,8.18
2012/9/15,8.18
2012/9/17,8.18
2012/9/18,8.17
2012/9/19,8.17
2012/9/20,8.16
2012/9/21,8.17
2012/9/22,8.17
2012/9/23,8.17
2012/9/24,8.16
2012/9/25,8.17
2012/9/26,8.17
2012/9/27,8.16
2012/9/28,8.15
2012/9/29,8.15
2012/10/1,8.16
2012/10/2,8.16
2012/10/3,8.15
2012/10/4,8.15
2012/10/5,8.16
2012/10/6,8.16
2012/10/8,8.15
2012/10/9,8.14
2012/10/10,8.16
2012/10/11,8.16
2012/10/12,8.17
2012/10/13,8.17
2012/10/15,8.17
2012/10/16,8.15
2012/10/17,8.15
2012/10/18,8.14
2012/10/19,8.13
2012/10/20,8.13
2012/10/22,8.13
2012/10/23,8.14
2012/10/24,8.14
2012/10/25,8.13
2012/10/26,8.13
2012/10/29,8.13
2012/10/30,8.18
2012/10/31,8.22
2012/11/1,8.19
2012/11/2,8.2
2012/11/3,8.2
2012/11/5,8.2
2012/11/6,8.18
2012/11/7,8.19
2012/11/8,8.19
2012/11/9,8.22
2012/11/10,8.22
2012/11/12,8.21
2012/11/13,8.21
2012/11/15,8.19
2012/11/16,8.19
2012/11/17,8.19
2012/11/19,8.19
2012/11/20,8.2
2012/11/21,8.21
2012/11/22,8.23
2012/11/23,8.23
2012/11/24,8.23
2012/11/26,8.2
2012/11/27,8.19
2012/11/28,8.19
2012/11/29,8.21
2012/11/30,8.18
2012/12/1,8.18
2012/12/3,8.17
2012/12/4,8.17
2012/12/5,8.17
2012/12/6,8.17
2012/12/7,8.16
2012/12/10,8.17
2012/12/11,8.18
2012/12/12,8.18
2012/12/13,8.16
2012/12/14,8.14
2012/12/15,8.14
2012/12/17,8.14
2012/12/18,8.15
2012/12/19,8.15
2012/12/20,8.15
2012/12/21,8.14
2012/12/22,8.14
2012/12/23,8.14
2012/12/24,8.13
2012/12/25,8.13
2012/12/26,8.11
2012/12/27,8.11
2012/12/28,8.11
2012/12/29,8.11
2012/12/30,8.11
2012/12/31,8.05
2013/1/1,7.99
2013/1/2,7.99
2013/1/3,7.97
2013/1/4,7.93
2013/1/5,7.93
2013/1/7,7.9
2013/1/8,7.91
2013/1/9,7.9
2013/1/10,7.88
2013/1/11,7.87
2013/1/13,7.87
2013/1/14,7.8
2013/1/15,7.83
2013/1/16,7.88
2013/1/17,7.84
2013/1/18,7.86
2013/1/21,7.86
2013/1/22,7.85
2013/1/23,7.86
2013/1/24,7.89
2013/1/25,7.89
2013/1/28,7.86
2013/1/29,7.85
2013/1/30,7.89
2013/1/31,7.91
2013/2/1,7.91
2013/2/4,7.94
2013/2/5,7.92
2013/2/6,7.91
2013/2/7,7.88
2013/2/8,7.84
2013/2/9,7.84
2013/2/11,7.86
2013/2/12,7.87
2013/2/13,7.84
2013/2/14,7.82
2013/2/15,7.83
2013/2/17,7.83
2013/2/18,7.82
2013/2/19,7.83
2013/2/20,7.8
2013/2/21,7.81
2013/2/22,7.8
2013/2/25,7.8
2013/2/26,7.82
2013/2/27,7.8
2013/2/28,7.87
2013/3/1,7.91
2013/3/4,7.89
2013/3/5,7.87
2013/3/6,7.86
2013/3/7,7.86
2013/3/8,7.84
2013/3/11,7.84
2013/3/12,7.89
2013/3/13,7.9
2013/3/14,7.87
2013/3/15,7.86
2013/3/17,7.86
2013/3/18,7.88
2013/3/19,7.9
2013/3/20,7.92
2013/3/21,7.93
2013/3/22,7.96
2013/3/25,7.95
2013/3/26,7.99
2013/3/27,7.99
2013/3/28,7.95
2013/3/29,7.96
2013/4/2,7.99
2013/4/3,7.96
2013/4/4,7.96
2013/4/5,7.93
2013/4/8,7.91
2013/4/9,7.88
2013/4/10,7.9
2013/4/11,7.9
2013/4/12,7.87
2013/4/15,7.83
2013/4/16,7.82
2013/4/17,7.8
2013/4/18,7.78
2013/4/19,7.78
2013/4/22,7.75
2013/4/23,7.73
2013/4/24,7.74
2013/4/25,7.77
2013/4/26,7.74
2013/4/29,7.76
2013/4/30,7.73
2013/5/1,7.73
2013/5/2,7.72
2013/5/3,7.74
2013/5/6,7.75
2013/5/7,7.74
2013/5/8,7.69
2013/5/9,7.61
2013/5/10,7.59
2013/5/13,7.59
2013/5/14,7.47
2013/5/15,7.46
2013/5/16,7.39
2013/5/17,7.4
2013/5/20,7.34
2013/5/21,7.35
2013/5/22,7.37
2013/5/23,7.38
2013/5/24,7.34
2013/5/25,7.34
2013/5/27,7.34
2013/5/28,7.36
2013/5/29,7.39
2013/5/30,7.44
2013/5/31,7.44
2013/6/3,7.24
2013/6/4,7.19
2013/6/5,7.21
2013/6/6,7.21
2013/6/7,7.24
2013/6/8,7.24
2013/6/10,7.28
2013/6/11,7.3
2013/6/12,7.29
2013/6/13,7.33
2013/6/14,7.31
2013/6/16,7.32
2013/6/17,7.26
2013/6/18,7.28
2013/6/19,7.26
2013/6/20,7.39
2013/6/21,7.43
2013/6/23,7.44
2013/6/24,7.52
2013/6/25,7.5
2013/6/26,7.58
2013/6/27,7.56
2013/6/28,7.44
2013/7/1,7.46
2013/7/2,7.46
2013/7/3,7.5
2013/7/4,7.42
2013/7/5,7.5
2013/7/8,7.57
2013/7/9,7.55
2013/7/10,7.52
2013/7/11,7.47
2013/7/12,7.54
2013/7/15,7.55
2013/7/16,8.07
2013/7/17,8.05
2013/7/18,7.99
2013/7/19,7.94
2013/7/22,8.09
2013/7/23,8.18
2013/7/24,8.42
2013/7/25,8.19
2013/7/26,8.16
2013/7/29,8.13
2013/7/30,8.26
2013/7/31,8.17
2013/8/1,8.07
2013/8/2,8.28
2013/8/5,8.2
2013/8/6,8.2
2013/8/7,8.14
2013/8/8,8.13
2013/8/9,8.13
2013/8/10,8.13
2013/8/11,8.13
2013/8/12,8.3
2013/8/13,8.4
2013/8/14,8.5
2013/8/15,8.5
2013/8/16,8.88
2013/8/19,9.23
2013/8/20,8.9
2013/8/21,8.41
2013/8/22,8.23
2013/8/23,8.26
2013/8/26,8.34
2013/8/27,8.79
2013/8/28,8.96
2013/8/29,8.77
2013/8/30,8.6
2013/9/1,8.6
2013/9/2,8.46
2013/9/3,8.58
2013/9/4,8.39
2013/9/5,8.42
2013/9/6,8.63
2013/9/7,8.63
2013/9/8,8.63
2013/9/9,8.63
2013/9/10,8.47
2013/9/11,8.46
2013/9/12,8.5
2013/9/13,8.49
2013/9/15,8.49
2013/9/16,8.43
2013/9/17,8.44
2013/9/18,8.37
2013/9/19,8.19
2013/9/20,8.58
2013/9/22,8.58
2013/9/23,8.85
2013/9/24,8.84
2013/9/25,8.79
2013/9/26,8.72
2013/9/27,8.71
2013/9/29,8.71
2013/9/30,8.77
2013/10/1,8.73
2013/10/2,8.74
2013/10/3,8.64
2013/10/4,8.61
2013/10/7,8.68
2013/10/8,8.5
2013/10/9,8.46
2013/10/10,8.42
2013/10/11,8.49
2013/10/14,8.58
2013/10/15,8.66
2013/10/16,8.66
2013/10/17,8.6
2013/10/18,8.55
2013/10/21,8.6
2013/10/22,8.61
2013/10/23,8.63
2013/10/24,8.58
2013/10/25,8.58
2013/10/27,8.58
2013/10/28,8.66
2013/10/29,8.54
2013/10/30,8.57
2013/10/31,8.63
2013/11/1,8.7
2013/11/3,8.71
2013/11/4,8.71
2013/11/5,8.74
2013/11/6,8.82
2013/11/7,8.85
2013/11/8,8.99
2013/11/11,8.95
2013/11/12,9.05
2013/11/13,8.92
2013/11/14,9.02
2013/11/15,9.02
2013/11/17,9.02
2013/11/18,9
2013/11/19,9.01
2013/11/20,9.04
2013/11/21,9.08
2013/11/22,9.1
2013/11/25,9.09
2013/11/26,9.04
2013/11/27,9
2013/11/28,9.01
2013/11/29,9.04
2013/12/2,9.05
2013/12/3,9.07
2013/12/4,9.09
2013/12/5,9.11
2013/12/6,9.17
2013/12/9,8.9
2013/12/10,8.84
2013/12/11,8.83
2013/12/12,8.85
2013/12/13,8.91
2013/12/16,8.87
2013/12/17,8.92
2013/12/18,8.78
2013/12/19,8.74
2013/12/20,8.8
2013/12/23,8.82
2013/12/24,8.87
2013/12/25,8.87
2013/12/26,8.89
2013/12/27,8.96
2013/12/30,8.86
2013/12/31,8.82
2014/1/1,8.84
2014/1/2,8.84
2014/1/3,8.83
2014/1/6,8.78
2014/1/7,8.79
2014/1/8,8.8
2014/1/9,8.79
2014/1/10,8.76
2014/1/13,8.71
2014/1/15,8.64
2014/1/16,8.62
2014/1/17,8.63
2014/1/20,8.52
2014/1/21,8.55
2014/1/22,8.61
2014/1/23,8.67
2014/1/24,8.74
2014/1/27,8.77
2014/1/28,8.75
2014/1/29,8.77
2014/1/30,8.82
2014/1/31,8.77
2014/2/3,8.73
2014/2/4,8.68
2014/2/5,8.71
2014/2/6,8.72
2014/2/7,8.74
2014/2/10,8.69
2014/2/11,8.74
2014/2/12,8.81
2014/2/13,8.87
2014/2/14,8.81
2014/2/17,8.81
2014/2/18,8.77
2014/2/20,8.79
2014/2/21,8.8
2014/2/24,8.89
2014/2/25,8.88
2014/2/26,8.92
2014/2/28,8.86
2014/3/3,8.9
2014/3/4,8.84
2014/3/5,8.84
2014/3/6,8.79
2014/3/7,8.81
2014/3/9,8.81
2014/3/10,8.75
2014/3/11,8.73
2014/3/12,8.72
2014/3/13,8.74
2014/3/14,8.79
2014/3/18,8.8
2014/3/19,8.78
2014/3/20,8.82
2014/3/21,8.8
2014/3/24,8.78
2014/3/25,8.79
2014/3/26,8.78
2014/3/27,8.82
2014/3/28,8.8
2014/4/1,8.81
2014/4/2,8.96
2014/4/3,9.01
2014/4/4,9.07
2014/4/7,9.1
2014/4/9,9.03
2014/4/10,9
2014/4/11,8.94
2014/4/15,8.95
2014/4/16,8.96
2014/4/17,8.85
2014/4/21,8.86
2014/4/22,8.85
2014/4/23,8.85
2014/4/25,8.88
2014/4/28,8.85
2014/4/29,8.83
2014/4/30,8.83
2014/5/2,8.81
2014/5/5,8.74
2014/5/6,8.78
2014/5/7,8.8
2014/5/8,8.76
2014/5/9,8.75
2014/5/12,8.73
2014/5/13,8.78
2014/5/15,8.78
2014/5/16,8.83
2014/5/19,8.86
2014/5/20,8.86
2014/5/21,8.77
2014/5/22,8.71
2014/5/23,8.64
2014/5/25,8.64
2014/5/26,8.68
2014/5/27,8.67
2014/5/28,8.7
2014/5/29,8.67
2014/5/30,8.65
2014/6/2,8.66
2014/6/3,8.6
2014/6/4,8.59
2014/6/5,8.53
2014/6/6,8.51
2014/6/9,8.55
2014/6/10,8.56
2014/6/11,8.54
2014/6/12,8.55
2014/6/13,8.6
2014/6/16,8.65
2014/6/17,8.6
2014/6/18,8.67
2014/6/19,8.69
2014/6/20,8.72
2014/6/23,8.77
2014/6/24,8.72
2014/6/25,8.7
2014/6/26,8.73
2014/6/27,8.75
2014/6/30,8.74
2014/7/1,8.74
2014/7/2,8.66
2014/7/3,8.66
2014/7/4,8.66
2014/7/7,8.7
2014/7/8,8.73
2014/7/9,8.73
2014/7/10,8.77
2014/7/11,8.77
2014/7/12,8.77
2014/7/14,8.78
2014/7/15,8.74
2014/7/16,8.72
2014/7/17,8.74
2014/7/18,8.77
2014/7/20,8.77
2014/7/21,8.69
2014/7/22,8.69
2014/7/23,8.66
2014/7/24,8.65
2014/7/25,8.67
2014/7/27,8.67
2014/7/28,8.71
2014/7/30,8.73
2014/7/31,8.72
2014/8/1,8.76
2014/8/2,8.76
2014/8/4,8.73
2014/8/5,8.83
2014/8/6,8.87
2014/8/7,8.85
2014/8/8,8.85
2014/8/10,8.86
2014/8/11,8.82
2014/8/12,8.85
2014/8/13,8.76
2014/8/14,8.71
2014/8/19,8.53
2014/8/20,8.48
2014/8/21,8.51
2014/8/22,8.52
2014/8/25,8.56
2014/8/26,8.55
2014/8/27,8.56
2014/8/28,8.56
2014/8/31,8.57
2014/9/1,8.55
2014/9/2,8.52
2014/9/3,8.52
2014/9/4,8.52
2014/9/5,8.52
2014/9/8,8.5
2014/9/9,8.52
2014/9/10,8.54
2014/9/11,8.51
2014/9/12,8.5
2014/9/13,8.51
2014/9/15,8.5
2014/9/16,8.5
2014/9/17,8.5
2014/9/18,8.45
2014/9/19,8.46
2014/9/22,8.44
2014/9/23,8.47
2014/9/24,8.48
2014/9/25,8.49
2014/9/26,8.44
2014/9/27,8.44
2014/9/29,8.49
2014/9/30,8.51
2014/10/1,8.48
2014/10/7,8.45
2014/10/8,8.41
2014/10/9,8.47
2014/10/10,8.46
2014/10/13,8.42
2014/10/14,8.4
2014/10/15,8.4
2014/10/16,8.37
2014/10/17,8.39
2014/10/20,8.36
2014/10/21,8.37
2014/10/22,8.36
2014/10/27,8.32
2014/10/28,8.32
2014/10/29,8.32
2014/10/30,8.29
2014/10/31,8.28
2014/11/3,8.26
2014/11/5,8.19
2014/11/7,8.21
2014/11/10,8.18
2014/11/11,8.19
2014/11/12,8.16
2014/11/13,8.22
2014/11/14,8.22
2014/11/16,8.22
2014/11/17,8.18
2014/11/18,8.15
2014/11/19,8.16
2014/11/20,8.16
2014/11/21,8.17
2014/11/24,8.16
2014/11/25,8.16
2014/11/26,8.14
2014/11/27,8.15
2014/11/28,8.09
2014/11/30,8.09
2014/12/1,8.06
2014/12/2,7.97
2014/12/3,7.97
2014/12/4,7.97
2014/12/5,7.94
2014/12/8,7.92
2014/12/9,7.9
2014/12/10,7.91
2014/12/11,7.87
2014/12/12,7.83
2014/12/14,7.83
2014/12/15,7.83
2014/12/16,7.99
2014/12/17,7.97
2014/12/18,7.93
2014/12/19,7.96
2014/12/22,7.95
2014/12/23,7.92
2014/12/24,7.96
2014/12/26,7.98
2014/12/28,7.98
2014/12/29,7.93
2014/12/30,7.87
2014/12/31,7.86
2015/1/1,7.88
2015/1/2,7.87
2015/1/5,7.89
2015/1/6,7.9
2015/1/7,7.86
2015/1/8,7.86
2015/1/9,7.84
2015/1/12,7.81
2015/1/13,7.77
2015/1/14,7.77
2015/1/15,7.69
2015/1/16,7.71
2015/1/19,7.72
2015/1/20,7.72
2015/1/21,7.69
2015/1/22,7.71
2015/1/23,7.7
2015/1/27,7.7
2015/1/28,7.71
2015/1/29,7.71
2015/1/30,7.69
2015/2/1,7.69
2015/2/2,7.65
2015/2/3,7.73
2015/2/4,7.72
2015/2/5,7.7
2015/2/6,7.7
2015/2/9,7.73
2015/2/10,7.73
2015/2/11,7.73
2015/2/12,7.74
2015/2/13,7.7
2015/2/16,7.71
2015/2/18,7.71
2015/2/19,7.71
2015/2/20,7.7
2015/2/23,7.7
2015/2/24,7.72
2015/2/25,7.71
2015/2/26,7.74
2015/2/27,7.72
2015/3/2,7.74
2015/3/3,7.75
2015/3/4,7.69
2015/3/5,7.71
2015/3/9,7.74
2015/3/10,7.75
2015/3/11,7.76
2015/3/12,7.72
2015/3/13,7.8
2015/3/16,7.8
2015/3/17,7.78
2015/3/18,7.79
2015/3/19,7.76
2015/3/20,7.75
2015/3/23,7.76
2015/3/24,7.75
2015/3/25,7.77
2015/3/26,7.8
2015/3/27,7.78
2015/3/30,7.76
2015/3/31,7.74
2015/4/6,7.72
2015/4/7,7.79
2015/4/8,7.79
2015/4/9,7.77
2015/4/10,7.8
2015/4/13,7.8
2015/4/15,7.78
2015/4/16,7.8
2015/4/17,7.79
2015/4/20,7.79
2015/4/21,7.77
2015/4/22,7.75
2015/4/23,7.76
2015/4/24,7.79
2015/4/27,7.78
2015/4/28,7.76
2015/4/29,7.82
2015/4/30,7.86
2015/5/5,7.85
2015/5/6,7.89
2015/5/7,7.99
2015/5/8,7.98
2015/5/11,7.89
2015/5/12,7.95
2015/5/13,7.96
2015/5/14,7.94
2015/5/15,7.95
2015/5/18,7.9
2015/5/19,7.86
2015/5/20,7.86
2015/5/21,7.88
2015/5/22,7.86
2015/5/25,7.86
2015/5/26,7.89
2015/5/27,7.87
2015/5/28,7.85
2015/5/29,7.82
2015/5/30,7.82
2015/6/1,7.82
2015/6/2,7.93
2015/6/3,7.95
2015/6/4,8.01
2015/6/5,7.98
2015/6/7,7.98
2015/6/8,7.8
2015/6/9,7.79
2015/6/10,7.83
2015/6/11,7.88
2015/6/12,7.89
2015/6/15,7.86
2015/6/16,7.88
2015/6/17,7.85
2015/6/18,7.76
2015/6/19,7.71
2015/6/22,7.74
2015/6/23,7.75
2015/6/24,7.8
2015/6/25,7.82
2015/6/26,7.82
2015/6/29,7.89
2015/6/30,7.86
2015/7/1,7.82
2015/7/2,7.81
2015/7/3,7.8
2015/7/6,7.75
2015/7/7,7.78
2015/7/8,7.78
2015/7/9,7.79
2015/7/10,7.8
2015/7/13,7.87
2015/7/14,7.82
2015/7/15,7.84
2015/7/16,7.85
2015/7/17,7.83
2015/7/18,7.83
2015/7/20,7.84
2015/7/21,7.84
2015/7/22,7.83
2015/7/23,7.8
2015/7/24,7.83
2015/7/27,7.83
2015/7/28,7.81
2015/7/29,7.81
2015/7/30,7.82
2015/7/31,7.81
2015/8/3,7.81
2015/8/4,7.84
2015/8/5,7.84
2015/8/6,7.81
2015/8/7,7.81
2015/8/10,7.79
2015/8/11,7.8
2015/8/12,7.8
2015/8/13,7.74
2015/8/14,7.75
2015/8/17,7.74
2015/8/19,7.74
2015/8/20,7.75
2015/8/21,7.78
2015/8/24,7.89
2015/8/25,7.81
2015/8/26,7.79
2015/8/27,7.77
2015/8/28,7.78
2015/8/31,7.78
2015/9/1,7.75
2015/9/2,7.75
2015/9/3,7.75
2015/9/4,7.75
2015/9/7,7.8
2015/9/8,7.77
2015/9/9,7.77
2015/9/10,7.77
2015/9/11,7.77
2015/9/14,7.76
2015/9/15,7.76
2015/9/16,7.75
2015/9/18,7.7
2015/9/21,7.7
2015/9/22,7.72
2015/9/23,7.72
2015/9/24,7.72
2015/9/27,7.72
2015/9/28,7.73
2015/9/29,7.61
2015/9/30,7.54
2015/10/1,7.56
2015/10/3,7.56
2015/10/5,7.51
2015/10/6,7.53
2015/10/7,7.54
2015/10/8,7.54
2015/10/9,7.55
2015/10/12,7.58
2015/10/13,7.56
2015/10/14,7.55
2015/10/15,7.55
2015/10/16,7.56
2015/10/18,7.57
2015/10/19,7.57
2015/10/20,7.58
2015/10/21,7.58
2015/10/23,7.59
2015/10/26,7.61
2015/10/27,7.6
2015/10/28,7.59
2015/10/29,7.63
2015/10/30,7.64
2015/11/2,7.63
2015/11/3,7.65
2015/11/4,7.65
2015/11/5,7.68
2015/11/6,7.69
2015/11/9,7.73
2015/11/10,7.68
2015/11/13,7.65
2015/11/16,7.65
2015/11/17,7.67
2015/11/18,7.68
2015/11/19,7.67
2015/11/20,7.7
2015/11/22,7.7
2015/11/23,7.72
2015/11/24,7.7
2015/11/26,7.72
2015/11/27,7.77
2015/11/30,7.79
2015/12/1,7.72
2015/12/2,7.74
2015/12/3,7.71
2015/12/4,7.76
2015/12/7,7.75
2015/12/8,7.8
2015/12/9,7.78
2015/12/10,7.78
2015/12/11,7.77
2015/12/14,7.82
2015/12/15,7.79
2015/12/16,7.73
2015/12/17,7.71
2015/12/18,7.73
2015/12/21,7.77
2015/12/22,7.76
2015/12/23,7.75
2015/12/28,7.76
2015/12/29,7.76
2015/12/30,7.75
2015/12/31,7.76
2016/1/1,7.73
2016/1/4,7.72
2016/1/5,7.74
2016/1/6,7.74
2016/1/7,7.74
2016/1/8,7.74
2016/1/10,7.74
2016/1/11,7.75
2016/1/12,7.76
2016/1/13,7.77
2016/1/14,7.79
2016/1/15,7.81
2016/1/18,7.81
2016/1/19,7.78
2016/1/20,7.75
2016/1/21,7.75
2016/1/22,7.78
2016/1/25,7.81
2016/1/27,7.79
2016/1/28,7.81
2016/1/29,7.78
2016/2/1,7.79
2016/2/2,7.85
2016/2/3,7.85
2016/2/4,7.84
2016/2/5,7.82
2016/2/8,7.73
2016/2/9,7.74
2016/2/10,7.72
2016/2/11,7.72
2016/2/12,7.72
2016/2/14,7.72
2016/2/15,7.75
2016/2/16,7.78
2016/2/17,7.79
2016/2/18,7.74
2016/2/22,7.77
2016/2/23,7.82
2016/2/24,7.83
2016/2/25,7.86
2016/2/26,7.78
2016/2/29,7.62
2016/3/1,7.6
2016/3/2,7.62
2016/3/3,7.66
2016/3/4,7.63
2016/3/8,7.64
2016/3/9,7.65
2016/3/10,7.64
2016/3/11,7.63
2016/3/14,7.6
2016/3/15,7.58
2016/3/16,7.57
2016/3/17,7.51
2016/3/18,7.52
2016/3/21,7.5
2016/3/22,7.5
2016/3/23,7.51
2016/3/28,7.5
2016/3/29,7.51
2016/3/30,7.5
2016/3/31,7.46
2016/4/4,7.41
2016/4/5,7.46
2016/4/6,7.46
2016/4/7,7.45
2016/4/11,7.42
2016/4/12,7.42
2016/4/13,7.44
2016/4/18,7.42
2016/4/20,7.44
2016/4/21,7.47
2016/4/22,7.46
2016/4/25,7.47
2016/4/26,7.47
2016/4/27,7.46
2016/4/28,7.44
2016/4/29,7.44
2016/5/2,7.44
2016/5/3,7.44
2016/5/4,7.43
2016/5/5,7.44
2016/5/6,7.44
2016/5/9,7.43
2016/5/10,7.43
2016/5/11,7.43
2016/5/12,7.42
2016/5/13,7.45
2016/5/16,7.45
2016/5/17,7.45
2016/5/18,7.47
2016/5/19,7.47
2016/5/20,7.48
2016/5/23,7.46
2016/5/24,7.47
2016/5/25,7.46
2016/5/26,7.47
2016/5/27,7.47
2016/5/28,7.47
2016/5/30,7.46
2016/5/31,7.47
2016/6/1,7.49
2016/6/2,7.49
2016/6/3,7.49
2016/6/6,7.48
2016/6/7,7.48
2016/6/8,7.49
2016/6/9,7.49
2016/6/10,7.49
2016/6/13,7.53
2016/6/14,7.52
2016/6/15,7.52
2016/6/16,7.5
2016/6/17,7.5
2016/6/20,7.49
2016/6/21,7.5
2016/6/22,7.48
2016/6/23,7.48
2016/6/24,7.47
2016/6/27,7.46
2016/6/28,7.45
2016/6/29,7.44
2016/6/30,7.45
2016/7/1,7.42
2016/7/4,7.43
2016/7/5,7.39
2016/7/7,7.38
2016/7/8,7.38
2016/7/11,7.38
2016/7/12,7.34
2016/7/13,7.28
2016/7/14,7.29
2016/7/15,7.27
2016/7/18,7.29
2016/7/19,7.28
2016/7/20,7.27
2016/7/21,7.26
2016/7/22,7.25
2016/7/25,7.25
2016/7/26,7.25
2016/7/27,7.25
2016/7/28,7.19
2016/7/29,7.16
2016/8/1,7.14
2016/8/2,7.17
2016/8/3,7.19
2016/8/4,7.17
2016/8/5,7.17
2016/8/6,7.17
2016/8/8,7.17
2016/8/9,7.12
2016/8/10,7.1
2016/8/11,7.08
2016/8/12,7.1
2016/8/13,7.1
2016/8/14,7.1
2016/8/16,7.1
2016/8/18,7.14
2016/8/19,7.1
2016/8/22,7.16
2016/8/23,7.16
2016/8/24,7.13
2016/8/25,7.12
2016/8/26,7.13
2016/8/29,7.12
2016/8/30,7.11
2016/8/31,7.11
2016/9/1,7.12
2016/9/2,7.12
2016/9/6,7.1
2016/9/7,7.06
2016/9/8,7.04
2016/9/9,7.06
2016/9/12,7.08
2016/9/14,7.08
2016/9/15,7.07
2016/9/16,7.05
2016/9/17,7.05
2016/9/19,7.05
2016/9/20,7.07
2016/9/21,7.04
2016/9/22,6.98
2016/9/23,6.97
2016/9/24,6.97
2016/9/25,6.97
2016/9/26,6.93
2016/9/27,6.93
2016/9/28,6.92
2016/9/29,7.01
2016/9/30,6.96
2016/10/3,6.9
2016/10/4,6.84
2016/10/5,6.8
2016/10/6,6.82
2016/10/7,6.85
2016/10/10,6.82
2016/10/13,6.83
2016/10/14,6.85
2016/10/15,6.85
2016/10/17,6.84
2016/10/18,6.81
2016/10/19,6.82
2016/10/20,6.85
2016/10/21,6.85
2016/10/24,6.86
2016/10/25,6.87
2016/10/26,6.87
2016/10/27,6.89
2016/10/28,6.89
2016/11/1,6.91
2016/11/2,6.9
2016/11/3,6.82
2016/11/4,6.84
2016/11/7,6.83
2016/11/8,6.8
2016/11/9,6.67
2016/11/10,6.66
2016/11/11,6.72
2016/11/15,6.53
2016/11/16,6.44
2016/11/17,6.42
2016/11/18,6.43
2016/11/21,6.3
2016/11/22,6.31
2016/11/23,6.28
2016/11/24,6.18
2016/11/25,6.23
2016/11/28,6.32
2016/11/29,6.32
2016/11/30,6.24
2016/12/1,6.21
2016/12/2,6.24
2016/12/5,6.22
2016/12/6,6.2
2016/12/7,6.41
2016/12/8,6.4
2016/12/9,6.44
2016/12/13,6.42
2016/12/14,6.4
2016/12/15,6.54
2016/12/16,6.5
2016/12/19,6.51
2016/12/20,6.48
2016/12/21,6.46
2016/12/22,6.52
2016/12/23,6.54
2016/12/26,6.57
2016/12/27,6.59
2016/12/28,6.58
2016/12/29,6.52
2016/12/30,6.51
2017/1/2,6.4
2017/1/3,6.44
2017/1/4,6.36
2017/1/5,6.39
2017/1/6,6.39
2017/1/9,6.39
2017/1/10,6.4
2017/1/11,6.39
2017/1/12,6.37
2017/1/13,6.42
2017/1/16,6.44
2017/1/17,6.42
2017/1/18,6.45
2017/1/19,6.47
2017/1/20,6.46
2017/1/23,6.45
2017/1/24,6.44
2017/1/25,6.42
2017/1/27,6.4
2017/1/30,6.41
2017/1/31,6.41
2017/2/1,6.43
2017/2/2,6.4
2017/2/3,6.41
2017/2/6,6.41
2017/2/7,6.43
2017/2/8,6.75
2017/2/9,6.86
2017/2/10,6.81
2017/2/13,6.83
2017/2/14,6.88
2017/2/15,6.86
2017/2/16,6.84
2017/2/17,6.85
2017/2/20,6.9
2017/2/22,6.94
2017/2/23,6.92
2017/2/27,6.88
2017/2/28,6.87
2017/3/1,6.93
2017/3/2,6.83
2017/3/3,6.77
2017/3/6,6.87
2017/3/7,6.83
2017/3/8,6.86
2017/3/9,6.85
2017/3/10,6.9
2017/3/14,6.9
2017/3/15,6.83
2017/3/16,6.84
2017/3/17,6.86
2017/3/18,6.86
2017/3/20,6.9
2017/3/21,6.89
2017/3/22,6.81
2017/3/23,6.83
2017/3/24,6.83
2017/3/26,6.83
2017/3/27,6.71
2017/3/29,6.75
2017/3/30,6.69
2017/3/31,6.66
2017/4/3,6.65
2017/4/5,6.65
2017/4/6,6.77
2017/4/7,6.82
2017/4/10,6.87
2017/4/11,6.81
2017/4/12,6.78
2017/4/13,6.82
2017/4/17,6.85
2017/4/18,6.86
2017/4/19,6.85
2017/4/20,6.88
2017/4/21,6.92
2017/4/22,6.92
2017/4/24,6.94
2017/4/25,6.93
2017/4/26,6.96
2017/4/27,6.94
2017/4/28,6.96
2017/5/2,6.99
2017/5/3,6.96
2017/5/4,6.97
2017/5/5,6.94
2017/5/7,6.94
2017/5/8,6.93
2017/5/9,6.94
2017/5/11,6.94
2017/5/12,6.91
2017/5/15,6.81
2017/5/16,6.84
2017/5/17,6.84
2017/5/18,6.84
2017/5/19,6.85
2017/5/22,6.77
2017/5/23,6.79
2017/5/24,6.8
2017/5/25,6.79
2017/5/26,6.79
2017/5/29,6.67
2017/5/30,6.66
2017/5/31,6.66
2017/6/1,6.62
2017/6/2,6.62
2017/6/5,6.65
2017/6/6,6.64
2017/6/7,6.56
2017/6/8,6.53
2017/6/9,6.5
2017/6/12,6.52
2017/6/13,6.49
2017/6/14,6.47
2017/6/15,6.48
2017/6/16,6.49
2017/6/19,6.47
2017/6/20,6.45
2017/6/21,6.43
2017/6/22,6.45
2017/6/23,6.46
2017/6/25,6.46
2017/6/27,6.46
2017/6/28,6.5
2017/6/29,6.51
2017/6/30,6.51
2017/7/1,6.51
2017/7/2,6.51
2017/7/3,6.55
2017/7/4,6.55
2017/7/5,6.55
2017/7/6,6.54
2017/7/7,6.53
2017/7/10,6.47
2017/7/11,6.48
2017/7/12,6.46
2017/7/13,6.46
2017/7/14,6.46
2017/7/16,6.46
2017/7/17,6.46
2017/7/18,6.46
2017/7/19,6.45
2017/7/20,6.45
2017/7/21,6.44
2017/7/24,6.41
2017/7/25,6.43
2017/7/26,6.45
2017/7/27,6.44
2017/7/28,6.46
2017/7/31,6.47
2017/8/1,6.44
2017/8/2,6.46
2017/8/3,6.43
2017/8/4,6.44
2017/8/6,6.44
2017/8/7,6.46
2017/8/8,6.46
2017/8/9,6.47
2017/8/10,6.49
2017/8/11,6.5
2017/8/14,6.52
2017/8/16,6.53
2017/8/18,6.51
2017/8/21,6.51
2017/8/22,6.54
2017/8/23,6.54
2017/8/24,6.54
2017/8/28,6.57
2017/8/29,6.53
2017/8/30,6.54
2017/8/31,6.53
2017/9/1,6.48
2017/9/4,6.5
2017/9/5,6.5
2017/9/6,6.51
2017/9/7,6.52
2017/9/8,6.54
2017/9/11,6.56
2017/9/12,6.56
2017/9/13,6.59
2017/9/14,6.59
2017/9/15,6.6
2017/9/18,6.61
2017/9/19,6.59
2017/9/20,6.58
2017/9/21,6.67
2017/9/22,6.66
2017/9/25,6.62
2017/9/26,6.67
2017/9/27,6.67
2017/9/28,6.64
2017/9/29,6.66
2017/10/3,6.65
2017/10/4,6.7
2017/10/5,6.73
2017/10/6,6.76
2017/10/9,6.78
2017/10/10,6.74
2017/10/11,6.74
2017/10/12,6.75
2017/10/13,6.73
2017/10/16,6.73
2017/10/17,6.76
2017/10/18,6.76
2017/10/22,6.76
2017/10/23,6.8
2017/10/24,6.78
2017/10/25,6.81
2017/10/26,6.8
2017/10/27,6.81
2017/10/29,6.81
2017/10/30,6.88
2017/10/31,6.86
2017/11/1,6.89
2017/11/2,6.86
2017/11/3,6.86
2017/11/6,6.89
2017/11/7,6.93
2017/11/8,6.94
2017/11/9,6.93
2017/11/10,6.96
2017/11/13,6.97
2017/11/14,7.05
2017/11/15,7.02
2017/11/16,7.06
2017/11/17,7.05
2017/11/20,6.89
2017/11/21,6.9
2017/11/22,6.96
2017/11/23,6.99
2017/11/24,7
2017/11/27,7.06
2017/11/28,7.03
2017/11/29,7.03
2017/11/30,7.06
2017/12/4,7.08
2017/12/5,7.06
2017/12/6,7.03
2017/12/7,7.05
2017/12/8,7.09
2017/12/11,7.17
2017/12/12,7.19
2017/12/13,7.17
2017/12/14,7.13
2017/12/15,7.13
2017/12/16,7.13
2017/12/18,7.18
2017/12/19,7.18
2017/12/20,7.22
2017/12/21,7.21
2017/12/22,7.27
2017/12/26,7.28
2017/12/27,7.22
2017/12/28,7.4
2017/12/29,7.33
2018/1/1,7.34
2018/1/2,7.38
2018/1/3,7.32
2018/1/4,7.33
2018/1/5,7.29
2018/1/8,7.34
2018/1/9,7.37
2018/1/10,7.44
2018/1/11,7.44
2018/1/12,7.46
2018/1/15,7.44
2018/1/16,7.55
2018/1/17,7.42
2018/1/18,7.47
2018/1/19,7.48
2018/1/22,7.46
2018/1/23,7.41
2018/1/24,7.28
2018/1/25,7.31
2018/1/29,7.44
2018/1/30,7.43
2018/1/31,7.43
2018/2/1,7.61
2018/2/2,7.56
2018/2/5,7.61
2018/2/6,7.57
2018/2/7,7.53
2018/2/8,7.47
2018/2/9,7.49
2018/2/12,7.5
2018/2/14,7.49
2018/2/15,7.57
2018/2/16,7.58
2018/2/18,7.58
2018/2/20,7.67
2018/2/21,7.71
2018/2/22,7.75
2018/2/23,7.67
2018/2/26,7.69
2018/2/27,7.67
2018/2/28,7.73
2018/3/1,7.74
2018/3/5,7.78
2018/3/6,7.78
2018/3/7,7.68
2018/3/8,7.66
2018/3/9,7.67
2018/3/12,7.63
2018/3/13,7.65
2018/3/14,7.69
2018/3/15,7.63
2018/3/16,7.56
2018/3/17,7.61
2018/3/19,7.61
2018/3/20,7.62
2018/3/21,7.58
2018/3/22,7.56
2018/3/23,7.56
2018/3/26,7.62
2018/3/27,7.33
2018/3/28,7.4
2018/4/3,7.33
2018/4/4,7.29
2018/4/5,7.13
2018/4/6,7.18
2018/4/9,7.23
2018/4/10,7.38
2018/4/11,7.54
2018/4/12,7.47
2018/4/13,7.43
2018/4/16,7.49
2018/4/17,7.49
2018/4/18,7.54
2018/4/19,7.63
2018/4/20,7.72
2018/4/23,7.74
2018/4/24,7.68
2018/4/25,7.74
2018/4/26,7.76
2018/4/27,7.77
2018/5/2,7.73
2018/5/3,7.73
2018/5/4,7.73
2018/5/7,7.62
2018/5/8,7.58
2018/5/9,7.71
2018/5/10,7.72
2018/5/11,7.73
2018/5/14,7.83
2018/5/15,7.9
2018/5/16,7.9
2018/5/17,7.88
2018/5/18,7.84
2018/5/20,7.84
2018/5/21,7.81
2018/5/22,7.81
2018/5/23,7.85
2018/5/24,7.87
2018/5/25,7.79
2018/5/28,7.74
2018/5/29,7.76
2018/5/30,7.78
2018/5/31,7.83
2018/6/1,7.85
2018/6/4,7.88
2018/6/5,7.83
2018/6/6,7.92
2018/6/7,7.99
2018/6/8,7.95
2018/6/11,7.96
2018/6/12,7.97
2018/6/13,7.93
2018/6/14,7.95
2018/6/15,7.89
2018/6/18,7.88
2018/6/19,7.86
2018/6/20,7.83
2018/6/21,7.77
2018/6/22,7.82
2018/6/25,7.82
2018/6/26,7.83
2018/6/27,7.87
2018/6/28,7.94
2018/6/29,7.9
2018/7/2,7.91
2018/7/3,7.88
2018/7/4,7.85
2018/7/5,7.9
2018/7/6,7.87
2018/7/9,7.89
2018/7/10,7.9
2018/7/11,7.87
2018/7/12,7.78
2018/7/13,7.79
2018/7/16,7.8
2018/7/17,7.75
2018/7/18,7.75
2018/7/19,7.79
2018/7/20,7.79
2018/7/23,7.81
2018/7/24,7.78
2018/7/25,7.79
2018/7/26,7.76
2018/7/27,7.78
2018/7/30,7.79
2018/7/31,7.77
2018/8/1,7.7
2018/8/2,7.72
2018/8/3,7.76
2018/8/6,7.77
2018/8/7,7.79
2018/8/8,7.78
2018/8/9,7.75
2018/8/10,7.75
2018/8/13,7.82
2018/8/14,7.82
2018/8/16,7.86
2018/8/20,7.84
2018/8/21,7.83
2018/8/23,7.88
2018/8/24,7.87
2018/8/27,7.89
2018/8/28,7.9
2018/8/29,7.92
2018/8/30,7.93
2018/8/31,7.95
2018/9/3,8
2018/9/4,8.06
2018/9/5,8.05
2018/9/6,8.06
2018/9/7,8.03
2018/9/10,8.16
2018/9/11,8.18
2018/9/12,8.13
2018/9/14,8.13
2018/9/16,8.12
2018/9/17,8.1
2018/9/18,8.14
2018/9/19,8.07
2018/9/21,8.08
2018/9/24,8.12
2018/9/25,8.13
2018/9/26,8.07
2018/9/27,8.03
2018/9/28,8.02
2018/10/1,7.99
2018/10/3,8.11
2018/10/4,8.16
2018/10/5,8.02
2018/10/8,7.97
2018/10/9,8.08
2018/10/10,8.03
2018/10/11,7.99
2018/10/12,7.98
2018/10/15,7.92
2018/10/16,7.87
2018/10/17,7.91
2018/10/19,7.92
2018/10/22,7.93
2018/10/23,7.89
2018/10/24,7.87
2018/10/25,7.87
2018/10/26,7.88
2018/10/29,7.81
2018/10/30,7.83
2018/10/31,7.85
2018/11/1,7.82
2018/11/2,7.78
2018/11/5,7.81
2018/11/6,7.8
2018/11/9,7.77
2018/11/12,7.8
2018/11/13,7.76
2018/11/14,7.73
2018/11/15,7.76
2018/11/16,7.82
2018/11/19,7.79
2018/11/20,7.79
2018/11/22,7.71
2018/11/26,7.73
2018/11/27,7.73
2018/11/28,7.64
2018/11/29,7.61
2018/11/30,7.61
2018/12/3,7.63
2018/12/4,7.57
2018/12/5,7.44
2018/12/6,7.42
2018/12/7,7.46
2018/12/10,7.59
2018/12/11,7.53
2018/12/12,7.41
2018/12/13,7.41
2018/12/14,7.44
2018/12/17,7.46
2018/12/18,7.35
2018/12/19,7.22
2018/12/20,7.27
2018/12/21,7.28
2018/12/24,7.29
2018/12/26,7.26
2018/12/27,7.28
2018/12/28,7.39
2018/12/31,7.37
2019/1/1,7.42
2019/1/2,7.35
2019/1/3,7.43
2019/1/4,7.45
2019/1/7,7.51
2019/1/8,7.45
2019/1/9,7.47
2019/1/10,7.48
2019/1/11,7.5
2019/1/14,7.43
2019/1/15,7.47
2019/1/16,7.56
2019/1/17,7.55
2019/1/18,7.6
2019/1/21,7.57
2019/1/22,7.53
2019/1/23,7.58
2019/1/24,7.56
2019/1/25,7.55
2019/1/28,7.54
2019/1/29,7.53
2019/1/30,7.55
2019/1/31,7.48
2019/2/1,7.61
2019/2/4,7.67
2019/2/5,7.62
2019/2/6,7.57
2019/2/7,7.5
2019/2/8,7.52
2019/2/11,7.53
2019/2/12,7.53
2019/2/13,7.47
2019/2/14,7.52
2019/2/15,7.58
2019/2/18,7.58
2019/2/20,7.55
2019/2/21,7.54
2019/2/22,7.61
2019/2/25,7.58
2019/2/26,7.59
2019/2/27,7.67
2019/2/28,7.59
2019/3/1,7.56
2019/3/5,7.56
2019/3/6,7.57
2019/3/7,7.58
2019/3/8,7.53
2019/3/11,7.51
2019/3/12,7.51
2019/3/13,7.55
2019/3/14,7.55
2019/3/15,7.5
2019/3/18,7.48
2019/3/19,7.54
2019/3/20,7.52
2019/3/22,7.5
2019/3/25,7.47
2019/3/26,7.34
2019/3/27,7.33
2019/3/28,7.32
2019/3/29,7.35
2019/4/2,7.27
2019/4/3,7.27
2019/4/4,7.35
2019/4/5,7.35
2019/4/8,7.4
2019/4/9,7.37
2019/4/10,7.37
2019/4/11,7.37
2019/4/12,7.41
2019/4/15,7.39
2019/4/16,7.39
2019/4/18,7.42
2019/4/22,7.47
2019/4/23,7.47
2019/4/24,7.42
2019/4/25,7.45
2019/4/26,7.41
2019/4/30,7.41
2019/5/2,7.39
2019/5/3,7.4
2019/5/6,7.39
2019/5/7,7.38
2019/5/8,7.38
2019/5/9,7.4
2019/5/10,7.41
2019/5/13,7.39
2019/5/14,7.38
2019/5/15,7.38
2019/5/16,7.38
2019/5/17,7.36
2019/5/20,7.29
2019/5/21,7.3
2019/5/22,7.26
2019/5/23,7.24
2019/5/24,7.23
2019/5/27,7.17
2019/5/28,7.15
2019/5/29,7.13
2019/5/30,7.13
2019/5/31,7.03
2019/6/3,6.98
2019/6/4,7.02
2019/6/6,6.93
2019/6/7,6.97
2019/6/10,7.08
2019/6/11,7.04
2019/6/12,7.01
2019/6/13,7.01
2019/6/14,6.92
2019/6/17,6.93
2019/6/18,6.81
2019/6/19,6.84
2019/6/20,6.79
2019/6/21,6.86
2019/6/24,6.85
2019/6/25,6.88
2019/6/26,6.93
2019/6/27,6.9
2019/6/28,6.88
2019/7/1,6.88
2019/7/2,6.85
2019/7/3,6.83
2019/7/4,6.75
2019/7/5,6.7
2019/7/8,6.56
2019/7/9,6.59
2019/7/10,6.54
2019/7/11,6.49
2019/7/12,6.49
2019/7/15,6.43
2019/7/16,6.33
2019/7/17,6.35
2019/7/18,6.39
2019/7/19,6.36
2019/7/22,6.42
2019/7/23,6.46
2019/7/24,6.44
2019/7/25,6.51
2019/7/26,6.53
2019/7/29,6.41
2019/7/30,6.39
2019/7/31,6.37
2019/8/1,6.42
2019/8/2,6.35
2019/8/5,6.39
2019/8/6,6.34
2019/8/7,6.37
2019/8/8,6.4
2019/8/9,6.49
2019/8/13,6.52
2019/8/14,6.62
2019/8/16,6.54
2019/8/19,6.58
2019/8/20,6.58
2019/8/21,6.56
2019/8/22,6.55
2019/8/23,6.56
2019/8/26,6.47
2019/8/27,6.52
2019/8/28,6.56
2019/8/29,6.54
2019/8/30,6.56
2019/9/3,6.52
2019/9/4,6.55
2019/9/5,6.57
2019/9/6,6.6
2019/9/9,6.57
2019/9/11,6.67
2019/9/12,6.66
2019/9/13,6.63
2019/9/16,6.71
2019/9/17,6.73
2019/9/18,6.62
2019/9/19,6.63
2019/9/20,6.78
2019/9/23,6.74
2019/9/24,6.78
2019/9/25,6.75
2019/9/26,6.71
2019/9/27,6.73
2019/9/30,6.7
2019/10/1,6.66
2019/10/3,6.61
2019/10/4,6.68
2019/10/7,6.67
2019/10/9,6.66
2019/10/10,6.68
2019/10/11,6.73
2019/10/14,6.67
2019/10/15,6.66
2019/10/16,6.66
2019/10/17,6.7
2019/10/18,6.69
2019/10/22,6.7
2019/10/23,6.68
2019/10/24,6.68
2019/10/25,6.67
2019/10/29,6.68
2019/10/30,6.66
2019/10/31,6.64
2019/11/1,6.45
2019/11/4,6.47
2019/11/5,6.51
2019/11/6,6.49
2019/11/7,6.5
2019/11/8,6.55
2019/11/11,6.56
2019/11/13,6.53
2019/11/14,6.52
2019/11/15,6.52
2019/11/18,6.48
2019/11/19,6.47
2019/11/20,6.46
2019/11/21,6.51
2019/11/22,6.5
2019/11/25,6.47
2019/11/26,6.48
2019/11/27,6.47
2019/11/28,6.45
2019/11/29,6.46
2019/12/2,6.48
2019/12/3,6.46
2019/12/4,6.46
2019/12/5,6.61
2019/12/6,6.66
2019/12/9,6.66
2019/12/10,6.7
2019/12/11,6.76
2019/12/12,6.77
2019/12/13,6.78
2019/12/16,6.79
2019/12/17,6.74
2019/12/18,6.71
2019/12/19,6.75
2019/12/20,6.6
2019/12/23,6.56
2019/12/24,6.57
2019/12/26,6.58
2019/12/27,6.5
2019/12/30,6.54
2019/12/31,6.55
2020/1/1,6.5
2020/1/2,6.5
2020/1/3,6.51
2020/1/6,6.57
2020/1/7,6.55
2020/1/8,6.56
2020/1/9,6.52
2020/1/10,6.59
2020/1/13,6.59
2020/1/14,6.66
2020/1/15,6.62
2020/1/16,6.6
2020/1/17,6.62
2020/1/20,6.64
2020/1/21,6.63
2020/1/22,6.64
2020/1/23,6.6
2020/1/24,6.58
2020/1/27,6.55
2020/1/28,6.58
2020/1/29,6.57
2020/1/30,6.56
2020/1/31,6.6
2020/2/3,6.5
2020/2/4,6.5
2020/2/5,6.51
2020/2/6,6.45
2020/2/7,6.44
2020/2/10,6.44
2020/2/11,6.46
2020/2/12,6.47
2020/2/13,6.42
2020/2/14,6.37
2020/2/17,6.39
2020/2/18,6.38
2020/2/20,6.42
2020/2/24,6.37
2020/2/25,6.37
2020/2/26,6.35
2020/2/27,6.38
2020/2/28,6.37
2020/3/2,6.35
2020/3/3,6.34
2020/3/4,6.23
2020/3/5,6.24
2020/3/6,6.19
2020/3/9,6.07
2020/3/11,6.13
2020/3/12,6.24
2020/3/13,6.32
2020/3/16,6.21
2020/3/17,6.27
2020/3/18,6.3
2020/3/19,6.41
2020/3/20,6.26
2020/3/23,6.38
2020/3/24,6.3
2020/3/26,6.23
2020/3/27,6.14
2020/3/30,6.21
2020/3/31,6.14
2020/4/3,6.31
2020/4/7,6.41
2020/4/8,6.44
2020/4/9,6.49
2020/4/13,6.5
2020/4/15,6.43
2020/4/16,6.44
2020/4/17,6.35
2020/4/20,6.21
2020/4/21,6.21
2020/4/22,6.22
2020/4/23,6.06
2020/4/24,6.17
2020/4/27,6.15
2020/4/28,6.14
2020/4/29,6.13
2020/4/30,6.11
2020/5/4,6.08
2020/5/5,6.07
2020/5/6,6.03
2020/5/8,5.97
2020/5/11,6.17
2020/5/12,6.16
2020/5/13,6.1
2020/5/14,6.06
2020/5/15,6.08
2020/5/18,6.05
2020/5/19,6.04
2020/5/20,6.04
2020/5/21,6.03
2020/5/22,5.96
2020/5/26,5.98
2020/5/27,5.98
2020/5/28,5.99
2020/5/29,6.01
2020/6/1,6.04
2020/6/2,6
2020/6/3,6.03
2020/6/4,5.8
2020/6/5,5.82
2020/6/8,5.81
2020/6/9,5.78
2020/6/10,5.77
2020/6/11,5.78
2020/6/12,5.8
2020/6/15,5.79
2020/6/16,5.85
2020/6/17,5.84
2020/6/18,5.82
2020/6/19,5.85
2020/6/22,5.88
2020/6/23,5.9
2020/6/24,5.92
2020/6/25,5.89
2020/6/26,5.91
2020/6/29,5.9
2020/6/30,5.89
2020/7/1,5.84
2020/7/2,5.84
2020/7/3,5.85
2020/7/6,5.84
2020/7/7,5.79
2020/7/8,5.78
2020/7/9,5.77
2020/7/10,5.76
2020/7/13,5.79
2020/7/14,5.83
2020/7/15,5.82
2020/7/16,5.81
2020/7/17,5.81
2020/7/20,5.8
2020/7/21,5.83
2020/7/22,5.81
2020/7/23,5.81
2020/7/24,5.82
2020/7/27,5.86
2020/7/28,5.85
2020/7/29,5.84
2020/7/30,5.83
2020/7/31,5.84
2020/8/3,5.84
2020/8/4,5.83
2020/8/5,5.83
2020/8/6,5.86
2020/8/7,5.89
2020/8/10,5.89
2020/8/11,5.9
2020/8/12,5.88
2020/8/13,5.9
2020/8/14,5.97
2020/8/17,5.98
2020/8/18,5.99
2020/8/19,6.01
2020/8/20,6
2020/8/21,6.14
2020/8/24,6.22
2020/8/25,6.16
2020/8/26,6.2
2020/8/27,6.15
2020/8/28,6.1
2020/8/31,6.08
2020/9/1,5.94
2020/9/2,5.92
2020/9/3,5.9
2020/9/4,5.93
2020/9/7,5.99
2020/9/8,6.06
2020/9/9,5.99
2020/9/10,6.05
2020/9/11,6.04
2020/9/14,6.03
2020/9/15,6.03
2020/9/16,5.99
2020/9/17,6.03
2020/9/18,6.01
2020/9/21,6.02
2020/9/22,6.01
2020/9/23,5.99
2020/9/24,5.99
2020/9/25,6.04
2020/9/28,6.06
2020/9/29,6.04
2020/9/30,6.02
2020/10/1,6
2020/10/5,6
2020/10/6,6.03
2020/10/7,6.01
2020/10/8,6.02
2020/10/9,5.94
2020/10/12,5.9
2020/10/13,5.9
2020/10/14,5.9
2020/10/15,5.9
2020/10/16,5.94
2020/10/19,5.94
2020/10/20,5.93
2020/10/21,5.91
2020/10/22,5.92
2020/10/23,5.84
2020/10/26,5.83
2020/10/27,5.85
2020/10/28,5.86
2020/10/29,5.88
2020/11/2,5.89
2020/11/3,5.9
2020/11/4,5.89
2020/11/5,5.86
2020/11/6,5.87
2020/11/9,5.88
2020/11/10,5.92
2020/11/11,5.9
2020/11/12,5.9
2020/11/13,5.88
2020/11/17,5.88
2020/11/18,5.88
2020/11/19,5.88
2020/11/20,5.88
2020/11/23,5.9
2020/11/24,5.88
2020/11/25,5.89
2020/11/26,5.87
2020/11/27,5.91
2020/12/1,5.93
2020/12/2,5.92
2020/12/3,5.93
2020/12/4,5.9
2020/12/7,5.92
2020/12/8,5.94
2020/12/9,5.92
2020/12/10,5.92
2020/12/11,5.96
2020/12/14,5.95
2020/12/15,5.94
2020/12/16,5.94
2020/12/17,5.95
2020/12/18,5.96
2020/12/21,5.96
2020/12/22,5.95
2020/12/23,5.95
2020/12/24,5.93
2020/12/28,5.93
2020/12/29,5.93
2020/12/30,5.9
2020/12/31,5.89
2021/1/1,5.9
2021/1/4,5.86
2021/1/5,5.85
2021/1/6,5.89
2021/1/7,5.89
2021/1/8,5.89
2021/1/11,5.92
2021/1/12,5.93
2021/1/13,5.95
2021/1/14,5.92
2021/1/15,5.99
2021/1/18,5.96
2021/1/19,5.94
2021/1/20,5.94
2021/1/21,5.96
2021/1/22,5.94
2021/1/25,5.95
2021/1/27,5.95
2021/1/28,5.93
2021/1/29,5.95
2021/2/1,6.06
2021/2/2,6.13
2021/2/3,6.08
2021/2/4,6.07
2021/2/5,6.07
2021/2/8,6.04
2021/2/9,6.07
2021/2/10,6.01
2021/2/11,5.96
2021/2/12,5.99
2021/2/15,6.02
2021/2/16,6.02
2021/2/17,6.03
2021/2/18,6.13
2021/2/22,6.2
2021/2/23,6.17
2021/2/24,6.15
2021/2/25,6.18
2021/2/26,6.23
2021/3/1,6.21
2021/3/2,6.24
2021/3/3,6.24
2021/3/4,6.21
2021/3/5,6.23
2021/3/8,6.22
2021/3/9,6.21
2021/3/10,6.25
2021/3/12,6.23
2021/3/15,6.2
2021/3/16,6.18
2021/3/17,6.19
2021/3/18,6.2
2021/3/19,6.19
2021/3/22,6.18
2021/3/23,6.14
2021/3/24,6.15
2021/3/25,6.13
2021/3/26,6.12
2021/3/30,6.14
2021/3/31,6.18
2021/4/5,6.12
2021/4/6,6.12
2021/4/7,6.08
2021/4/8,6.03
2021/4/9,6.02
2021/4/12,6.01
2021/4/15,6.13
2021/4/16,6.09
2021/4/19,6.08
2021/4/20,6.07
2021/4/22,6.05
2021/4/23,6.04
2021/4/26,6.04
2021/4/27,6.06
2021/4/28,6.05
2021/4/29,6.06
2021/4/30,6.03
2021/5/3,6
2021/5/4,6.02
2021/5/5,5.98
2021/5/6,5.97
2021/5/7,6.02
2021/5/10,6.01
2021/5/11,6.01
2021/5/12,6.01
2021/5/14,5.99
2021/5/17,5.97
2021/5/18,5.98
2021/5/19,5.98
2021/5/20,5.97
2021/5/21,5.98
2021/5/24,5.97
2021/5/25,5.97
2021/5/27,5.99
2021/5/28,6
2021/5/31,6.02
2021/6/1,6.03
2021/6/2,6.01
2021/6/3,6
2021/6/4,6.03
2021/6/7,6.02
2021/6/8,6.01
2021/6/9,6.02
2021/6/10,6.02
2021/6/11,6.01
2021/6/14,6
2021/6/15,6.04
2021/6/16,6.05
2021/6/17,6.02
2021/6/18,6.01
2021/6/21,6.03
2021/6/22,6.03
2021/6/23,6.02
2021/6/24,6.01
2021/6/25,6.03
2021/6/28,6.06
2021/6/29,6.04
2021/6/30,6.05
2021/7/1,6.04
2021/7/2,6.07
2021/7/5,6.09
2021/7/6,6.18
2021/7/7,6.16
2021/7/8,6.12
2021/7/9,6.19
2021/7/12,6.22
2021/7/13,6.1
2021/7/14,6.11
2021/7/15,6.12
2021/7/16,6.13
2021/7/19,6.13
2021/7/20,6.12
2021/7/22,6.14
2021/7/23,6.17
2021/7/26,6.17
2021/7/27,6.18
2021/7/28,6.19
2021/7/29,6.2
2021/7/30,6.2
2021/8/2,6.2
2021/8/3,6.2
2021/8/4,6.2
2021/8/5,6.21
2021/8/6,6.23
2021/8/9,6.22
2021/8/10,6.23
2021/8/11,6.24
2021/8/12,6.23
2021/8/13,6.24
2021/8/17,6.23
2021/8/18,6.23
2021/8/20,6.23
2021/8/23,6.24
2021/8/24,6.25
2021/8/25,6.24
2021/8/26,6.25
2021/8/27,6.25
2021/8/30,6.23
2021/8/31,6.22
2021/9/1,6.2
2021/9/2,6.17
2021/9/3,6.16
2021/9/6,6.17
2021/9/7,6.2
2021/9/8,6.19
2021/9/9,6.18
2021/9/13,6.19
2021/9/14,6.2
2021/9/15,6.16
2021/9/16,6.17
2021/9/17,6.17
2021/9/20,6.14
2021/9/21,6.12
2021/9/22,6.14
2021/9/23,6.14
2021/9/24,6.18
2021/9/27,6.21
2021/9/28,6.23
2021/9/29,6.21
2021/9/30,6.22
2021/10/1,6.24
2021/10/4,6.25
2021/10/5,6.26
2021/10/6,6.28
2021/10/7,6.27
2021/10/8,6.32
2021/10/11,6.34
2021/10/12,6.33
2021/10/13,6.31
2021/10/14,6.33
2021/10/18,6.39
2021/10/20,6.37
2021/10/21,6.34
2021/10/22,6.36
2021/10/25,6.35
2021/10/26,6.36
2021/10/27,6.34
2021/10/28,6.37
2021/10/29,6.39
2021/11/1,6.39
2021/11/2,6.36
2021/11/3,6.36
2021/11/8,6.3
2021/11/9,6.29
2021/11/10,6.34
2021/11/11,6.37
2021/11/12,6.37
2021/11/15,6.34
2021/11/16,6.36
2021/11/17,6.36
2021/11/18,6.35
2021/11/22,6.35
2021/11/23,6.36
2021/11/24,6.37
2021/11/25,6.37
2021/11/26,6.33
2021/11/29,6.34
2021/11/30,6.33
2021/12/1,6.35
2021/12/2,6.35
2021/12/3,6.37
2021/12/6,6.36
2021/12/7,6.39
2021/12/8,6.35
2021/12/9,6.35
2021/12/10,6.37
2021/12/13,6.37
2021/12/14,6.36
2021/12/15,6.36
2021/12/16,6.37
2021/12/17,6.41
2021/12/20,6.44
2021/12/21,6.47
2021/12/22,6.46
2021/12/23,6.46
2021/12/24,6.46
2021/12/27,6.47
2021/12/28,6.48
2021/12/29,6.46
2021/12/30,6.47
2021/12/31,6.45
2022/1/3,6.46
2022/1/4,6.52
2022/1/5,6.51
2022/1/6,6.53
2022/1/7,6.54
2022/1/10,6.59
2022/1/11,6.57
2022/1/12,6.59
2022/1/13,6.56
2022/1/14,6.58
2022/1/17,6.64
2022/1/18,6.63
2022/1/19,6.6
2022/1/20,6.61
2022/1/21,6.62
2022/1/24,6.65
2022/1/25,6.66
2022/1/27,6.75
2022/1/28,6.77
2022/1/31,6.68
2022/2/1,6.83
2022/2/2,6.88
2022/2/3,6.89
2022/2/4,6.88
2022/2/8,6.81
2022/2/9,6.8
2022/2/10,6.73
2022/2/11,6.7
2022/2/14,6.67
2022/2/15,6.67
2022/2/16,6.69
2022/2/17,6.67
2022/2/18,6.66
2022/2/21,6.69
2022/2/22,6.75
2022/2/23,6.74
2022/2/24,6.76
2022/2/25,6.75
2022/2/28,6.77
2022/3/2,6.81
2022/3/3,6.83
2022/3/4,6.81
2022/3/7,6.89
2022/3/8,6.9
2022/3/9,6.85
2022/3/10,6.81
2022/3/11,6.86
2022/3/14,6.85
2022/3/15,6.82
2022/3/16,6.79
2022/3/17,6.78
2022/3/21,6.78
2022/3/22,6.83
2022/3/23,6.83
2022/3/24,6.83
2022/3/25,6.81
2022/3/28,6.84
2022/3/29,6.82
2022/3/30,6.78
2022/3/31,6.84
2022/4/4,6.9
2022/4/5,6.9
2022/4/6,6.92
2022/4/7,6.91
2022/4/8,7.12
2022/4/11,7.15
2022/4/12,7.19
2022/4/13,7.22
2022/4/18,7.15
2022/4/19,7.15
2022/4/20,7.11
2022/4/21,7.14
2022/4/22,7.17
2022/4/25,7.04
2022/4/26,7.05
2022/4/27,7.08
2022/4/28,7.16
2022/4/29,7.14
2022/5/2,7.12
2022/5/4,7.38
2022/5/5,7.4
2022/5/6,7.45
2022/5/9,7.47
2022/5/10,7.3
2022/5/11,7.22
2022/5/12,7.24
2022/5/13,7.32
2022/5/17,7.37
2022/5/18,7.36
2022/5/19,7.32
2022/5/20,7.36
2022/5/23,7.39
2022/5/24,7.36
2022/5/25,7.31
2022/5/26,7.29
2022/5/27,7.35
2022/5/30,7.41
2022/5/31,7.42
2022/6/1,7.41
2022/6/2,7.43
2022/6/3,7.46
2022/6/6,7.5
2022/6/7,7.52
2022/6/8,7.49
2022/6/9,7.5
2022/6/10,7.52
2022/6/13,7.6
2022/6/14,7.58
2022/6/15,7.59
2022/6/16,7.62
2022/6/17,7.55
2022/6/20,7.43
2022/6/21,7.48
2022/6/22,7.4
2022/6/23,7.42
2022/6/24,7.44
2022/6/27,7.41
2022/6/28,7.47
2022/6/29,7.46
2022/6/30,7.45
2022/7/1,7.42
2022/7/4,7.37
2022/7/5,7.39
2022/7/6,7.29
2022/7/7,7.35
2022/7/8,7.42
2022/7/11,7.43
2022/7/12,7.39
2022/7/13,7.34
2022/7/14,7.38
2022/7/15,7.44
2022/7/18,7.44
2022/7/19,7.43
2022/7/20,7.45
2022/7/21,7.44
2022/7/22,7.41
2022/7/25,7.39
2022/7/26,7.37
2022/7/27,7.34
2022/7/28,7.33
2022/7/29,7.32
2022/8/1,7.24
2022/8/2,7.2
2022/8/3,7.24
2022/8/4,7.16
2022/8/5,7.3
2022/8/8,7.35
2022/8/10,7.31
2022/8/11,7.27
2022/8/12,7.29
2022/8/17,7.18
2022/8/18,7.24
2022/8/19,7.26
2022/8/22,7.27
2022/8/23,7.28
2022/8/24,7.29
2022/8/25,7.29
2022/8/26,7.22
2022/8/29,7.25
2022/8/30,7.19
2022/9/1,7.22
2022/9/2,7.23
2022/9/5,7.22
2022/9/6,7.18
2022/9/7,7.19
2022/9/8,7.14
2022/9/9,7.17
2022/9/12,7.18
2022/9/13,7.11
2022/9/14,7.16
2022/9/15,7.24
2022/9/16,7.27
2022/9/19,7.28
2022/9/20,7.29
2022/9/21,7.23
2022/9/22,7.31
2022/9/23,7.39
2022/9/26,7.36
2022/9/27,7.29
2022/9/28,7.33
2022/9/29,7.34
2022/9/30,7.4
2022/10/3,7.47
2022/10/4,7.36
2022/10/6,7.45
2022/10/7,7.46
2022/10/10,7.48
2022/10/11,7.43
2022/10/12,7.44
2022/10/13,7.42
2022/10/14,7.47
2022/10/17,7.41
2022/10/18,7.43
2022/10/19,7.45
2022/10/20,7.48
2022/10/21,7.51
2022/10/25,7.44
2022/10/27,7.41
2022/10/28,7.42
2022/10/31,7.45
2022/11/1,7.4
2022/11/2,7.4
2022/11/3,7.48
2022/11/4,7.47
2022/11/7,7.43
2022/11/9,7.39
2022/11/10,7.35
2022/11/11,7.31
2022/11/14,7.29
2022/11/15,7.26
2022/11/16,7.27
2022/11/17,7.28
2022/11/18,7.31
2022/11/21,7.32
2022/11/22,7.29
2022/11/23,7.29
2022/11/24,7.26
2022/11/25,7.3
2022/11/28,7.27
2022/11/29,7.28
2022/11/30,7.28
2022/12/1,7.21
2022/12/2,7.22
2022/12/5,7.23
2022/12/6,7.25
2022/12/7,7.27
2022/12/8,7.29
2022/12/9,7.3
2022/12/12,7.29
2022/12/13,7.27
2022/12/14,7.22
2022/12/15,7.27
2022/12/16,7.28
2022/12/19,7.3
2022/12/20,7.3
2022/12/21,7.29
2022/12/22,7.32
2022/12/23,7.32
2022/12/26,7.32
2022/12/27,7.31
2022/12/28,7.31
2022/12/29,7.31
2022/12/30,7.33
2023/1/2,7.34
2023/1/3,7.32
2023/1/4,7.32
2023/1/5,7.33
2023/1/6,7.37
2023/1/9,7.34
2023/1/10,7.31
2023/1/11,7.29
2023/1/12,7.29
2023/1/13,7.3
2023/1/16,7.33
2023/1/17,7.33
2023/1/18,7.33
2023/1/19,7.31
2023/1/20,7.35
2023/1/23,7.35
2023/1/24,7.35
2023/1/25,7.35
2023/1/27,7.39
2023/1/30,7.4
2023/1/31,7.34
2023/2/1,7.28
2023/2/2,7.3
2023/2/3,7.28
2023/2/4,7.28
2023/2/6,7.32
2023/2/7,7.31
2023/2/8,7.34
2023/2/9,7.34
2023/2/10,7.36
2023/2/13,7.37
2023/2/14,7.37
2023/2/15,7.35
2023/2/16,7.34
2023/2/17,7.39
2023/2/20,7.37
2023/2/21,7.39
2023/2/22,7.43
2023/2/23,7.39
2023/2/24,7.42
2023/2/27,7.45
2023/2/28,7.46
2023/3/1,7.43
2023/3/2,7.43
2023/3/3,7.42
2023/3/6,7.42
2023/3/8,7.46
2023/3/9,7.44
2023/3/10,7.43
2023/3/13,7.37
2023/3/14,7.38
2023/3/15,7.36
2023/3/16,7.35
2023/3/17,7.35
2023/3/20,7.33
2023/3/21,7.35
2023/3/23,7.35
2023/3/24,7.32
2023/3/27,7.31
2023/3/28,7.32
2023/3/29,7.3
2023/3/31,7.32
2023/4/3,7.32
2023/4/5,7.27
2023/4/6,7.22
2023/4/10,7.23
2023/4/11,7.22
2023/4/12,7.21
2023/4/13,7.23
2023/4/17,7.25
2023/4/18,7.22
2023/4/19,7.23
2023/4/20,7.22
2023/4/21,7.19
2023/4/24,7.11
2023/4/25,7.11
2023/4/26,7.12
2023/4/27,7.1
2023/4/28,7.12
2023/5/2,7.11
2023/5/3,7.01
2023/5/4,7.01
2023/5/8,7.05
2023/5/9,7.05
2023/5/10,7.04
2023/5/11,7.02
2023/5/12,7
2023/5/15,7
2023/5/16,6.96
2023/5/17,6.97
2023/5/18,6.98
2023/5/19,7
2023/5/22,6.99
2023/5/23,7.02
2023/5/24,6.99
2023/5/25,7.01
2023/5/26,7
2023/5/29,7.02
2023/5/30,7.01
2023/5/31,6.99
2023/6/1,6.98
2023/6/2,6.98
2023/6/5,7
2023/6/6,6.98
2023/6/7,6.98
2023/6/8,7.02
2023/6/9,7.04
2023/6/12,7.02
2023/6/13,7
2023/6/14,7.01
2023/6/15,7.04
2023/6/16,7.03
2023/6/19,7.05
2023/6/20,7.06
2023/6/21,7.07
2023/6/22,7.09
2023/6/23,7.07
2023/6/26,7.07
2023/6/27,7.06
2023/6/28,7.06
2023/6/30,7.11
2023/7/3,7.12
2023/7/4,7.12
2023/7/5,7.11
2023/7/6,7.15
2023/7/7,7.16
2023/7/10,7.15
2023/7/11,7.1
2023/7/12,7.12
2023/7/13,7.07
2023/7/14,7.09
2023/7/17,7.07
2023/7/18,7.06
2023/7/19,7.07
2023/7/20,7.08
2023/7/21,7.09
2023/7/24,7.07
2023/7/25,7.1
2023/7/26,7.1
2023/7/27,7.12
2023/7/28,7.16
2023/7/31,7.17
2023/8/1,7.16
2023/8/2,7.15
2023/8/3,7.19
2023/8/4,7.19
2023/8/7,7.2
2023/8/8,7.17
2023/8/9,7.18
2023/8/10,7.15
2023/8/11,7.2
2023/8/14,7.21
2023/8/17,7.25
2023/8/18,7.21
2023/8/21,7.22
2023/8/22,7.22
2023/8/23,7.19
2023/8/24,7.19
2023/8/25,7.21
2023/8/28,7.18
2023/8/29,7.18
2023/8/30,7.19
2023/8/31,7.17
2023/9/1,7.18
2023/9/4,7.2
2023/9/5,7.21
2023/9/6,7.21
2023/9/7,7.17
2023/9/8,7.2
2023/9/11,7.21
2023/9/12,7.2
2023/9/13,7.17
2023/9/14,7.1
2023/9/15,7.16
2023/9/18,7.15
2023/9/20,7.15
2023/9/21,7.14
2023/9/22,7.15
2023/9/25,7.15
2023/9/26,7.15
2023/9/27,7.17
2023/9/28,7.24
2023/9/29,7.21
2023/10/3,7.24
2023/10/4,7.24
2023/10/5,7.21
2023/10/6,7.34
2023/10/9,7.39
2023/10/10,7.35
2023/10/11,7.31
2023/10/12,7.3
2023/10/13,7.32
2023/10/16,7.33
2023/10/17,7.33
2023/10/18,7.35
2023/10/19,7.37
2023/10/20,7.37
2023/10/23,7.38
2023/10/25,7.34
2023/10/26,7.37
2023/10/27,7.35
2023/10/30,7.37
2023/10/31,7.35
2023/11/1,7.36
2023/11/2,7.32
2023/11/3,7.32
2023/11/6,7.31
2023/11/7,7.28
2023/11/8,7.27
2023/11/9,7.27
2023/11/10,7.3
2023/11/13,7.28
2023/11/15,7.23
2023/11/16,7.23
2023/11/17,7.21
2023/11/20,7.25
2023/11/21,7.27
2023/11/22,7.25
2023/11/23,7.25
2023/11/24,7.27
2023/11/28,7.27
2023/11/29,7.25
2023/11/30,7.28
2023/12/1,7.29
2023/12/4,7.27
2023/12/5,7.26
2023/12/6,7.25
2023/12/7,7.24
2023/12/8,7.27
2023/12/11,7.28
2023/12/12,7.28
2023/12/13,7.26
2023/12/14,7.19
2023/12/15,7.16
2023/12/18,7.15
2023/12/19,7.17
2023/12/20,7.17
2023/12/21,7.18
2023/12/22,7.19
2023/12/26,7.18
2023/12/27,7.21
2023/12/28,7.21
2023/12/29,7.18
2024/1/1,7.2
2024/1/2,7.21
2024/1/3,7.22
2024/1/4,7.22
2024/1/5,7.24
2024/1/8,7.2
2024/1/9,7.19
2024/1/10,7.18
2024/1/11,7.17
2024/1/12,7.18
2024/1/15,7.15
2024/1/16,7.15
2024/1/17,7.16
2024/1/18,7.18
2024/1/19,7.18
2024/1/23,7.17
2024/1/24,7.18
2024/1/25,7.17
2024/1/29,7.17
2024/1/30,7.16
2024/1/31,7.14
2024/2/1,7.06
2024/2/2,7.05
2024/2/5,7.09
2024/2/6,7.09
2024/2/7,7.07
2024/2/8,7.08
2024/2/9,7.11
2024/2/12,7.1
2024/2/13,7.1
2024/2/14,7.11
2024/2/15,7.09
2024/2/16,7.1
2024/2/20,7.06
2024/2/21,7.05
2024/2/22,7.06
2024/2/23,7.08
2024/2/26,7.06
2024/2/27,7.07
2024/2/28,7.07
2024/2/29,7.08
2024/3/1,7.06
2024/3/4,7.06
2024/3/5,7.06
